<?xml version="1.0" encoding="UTF-8"?><rss version="2.0"
	xmlns:content="http://purl.org/rss/1.0/modules/content/"
	xmlns:dc="http://purl.org/dc/elements/1.1/"
	xmlns:atom="http://www.w3.org/2005/Atom"
	xmlns:sy="http://purl.org/rss/1.0/modules/syndication/"
	 xmlns:media="http://search.yahoo.com/mrss/" 
	>
<channel>
	<title>
	Comments for HobiGames | The Most Popular Teen Patti Game App in India	</title>
	<atom:link href="https://hobigames.cc/comments/feed/" rel="self" type="application/rss+xml" />
	<link>https://hobigames.cc/</link>
	<description>The Most Popular Teen Patti Game App in India</description>
	<lastBuildDate>Fri, 15 Jul 2022 11:23:23 +0000</lastBuildDate>
	<sy:updatePeriod>
	hourly	</sy:updatePeriod>
	<sy:updateFrequency>
	1	</sy:updateFrequency>
	<generator>https://wordpress.org/?v=6.0.1</generator>
</channel>
</rss>
